{
  "volt": {
    "min": 97.333603782359,
    "max": 255.124717259791
  },
  "rotate": {
    "min": 138.432075304341,
    "max": 695.020984403396
  },
  "pressure": {
    "min": 51.2371057734253,
    "max": 185.951997730866
  },
  "vibration": {
    "min": 14.877053998383,
    "max": 76.7910723016723
  },
  "volt_roll_mean": {
    "min": 136.878588459334,
    "max": 223.853296420621
  },
  "volt_roll_std": {
    "min": 0.0,
    "max": 50.02580934308538
  },
  "rotate_roll_mean": {
    "min": 265.79155805101885,
    "max": 576.923563024815
  },
  "rotate_roll_std": {
    "min": 0.0,
    "max": 161.6793409320079
  },
  "pressure_roll_mean": {
    "min": 76.0053324677532,
    "max": 153.42215706937
  },
  "pressure_roll_std": {
    "min": 0.0,
    "max": 28.90198713546357
  },
  "vibration_roll_mean": {
    "min": 22.9732894818614,
    "max": 61.9321244590576
  },
  "vibration_roll_std": {
    "min": 0.0,
    "max": 13.203534203871127
  }
}